ORIGIN,ORIGIN_CITY_NAME,ORIGIN_STATE_ABR,avg_taxi_out,median_taxi_out,p90_taxi_out,taxi_out_std,pct_long_taxi,n_flights,final_cluster,cluster_label
JFK,"New York, NY",NY,29.217179382406165,25.0,47.0,16.00095675189523,0.6780689977234253,34262,0,High Congestion
GUC,"Gunnison, CO",CO,29.097035040431265,24.0,52.0,18.513728050297985,0.5849056603773585,371,0,High Congestion
CPR,"Casper, WY",WY,27.832266325224072,24.0,50.0,16.30459377176608,0.5928297055057619,781,0,High Congestion
DIK,"Dickinson, ND",ND,27.83111111111111,21.0,54.0,20.07258949927361,0.5066666666666667,225,0,High Congestion
EWR,"Newark, NJ",NJ,26.905326042932362,22.0,45.0,16.644648500556382,0.568929728635075,39504,0,High Congestion
LGA,"New York, NY",NY,26.730223720225304,22.0,45.0,16.41444847164869,0.5596172551858303,44207,0,High Congestion
COD,"Cody, WY",WY,26.016501650165015,18.0,53.0,20.33974003784504,0.40594059405940597,303,0,High Congestion
ORD,"Chicago, IL",IL,25.840995137522736,23.0,40.0,12.384215931717174,0.6164117887235069,107764,0,High Congestion
SHR,"Sheridan, WY",WY,25.724279835390945,20.0,46.80000000000001,15.895387182243606,0.48148148148148145,243,0,High Congestion
XWA,"Williston, ND",ND,25.62015503875969,20.0,49.700000000000045,16.161632075204402,0.47416020671834624,774,0,High Congestion
HDN,"Hayden, CO",CO,25.298662704309063,19.0,50.0,16.876607895021806,0.45468053491827637,673,0,High Congestion
CYS,"Cheyenne, WY",WY,25.23293172690763,22.0,42.0,12.809473869203371,0.606425702811245,249,0,High Congestion
LAR,"Laramie, WY",WY,24.995,17.0,52.0,19.192360681862816,0.415,200,0,High Congestion
ASE,"Aspen, CO",CO,23.783411949685533,19.0,42.0,14.68935990871734,0.455188679245283,2544,0,High Congestion
EGE,"Eagle, CO",CO,23.706953642384107,18.0,44.0,15.209181088619342,0.42549668874172186,1208,0,High Congestion
DRO,"Durango, CO",CO,23.502949852507374,19.0,41.0,13.989690146902444,0.4365781710914454,1356,0,High Congestion
DVL,"Devils Lake, ND",ND,23.5,18.0,41.5,18.527415261689086,0.4027777777777778,216,0,High Congestion
CRW,"Charleston/Dunbar, WV",WV,23.11181434599156,19.0,39.0,12.802708418549425,0.4356540084388186,948,0,High Congestion
CIU,"Sault Ste. Marie, MI",MI,23.021818181818183,19.0,39.599999999999994,12.379620215586177,0.44363636363636366,275,0,High Congestion
GCC,"Gillette, WY",WY,22.84518828451883,16.0,44.20000000000002,16.20785056777811,0.35564853556485354,239,0,High Congestion
PHL,"Philadelphia, PA",PA,22.537199391171995,19.0,36.0,13.832525564915205,0.41181126331811263,32850,0,High Congestion
LNK,"Lincoln, NE",NE,22.35238095238095,18.0,38.0,12.912747329036343,0.41375661375661377,945,0,High Congestion
IAD,"Washington, DC",VA,22.30636083678454,19.0,35.0,13.006993405382262,0.4198789423383243,18834,0,High Congestion
LBF,"North Platte, NE",NE,22.27363184079602,17.0,41.0,15.45767612688858,0.3880597014925373,201,0,High Congestion
COS,"Colorado Springs, CO",CO,22.185560053981106,18.0,38.0,12.658568264071898,0.3951866846603689,4446,0,High Congestion
BFF,"Scottsbluff, NE",NE,22.098522167487683,17.0,41.80000000000001,14.29775817722164,0.4088669950738916,203,0,High Congestion
JAC,"Jackson, WY",WY,21.855802469135803,16.0,42.0,14.343056436657843,0.3520987654320988,2025,0,High Congestion
SEA,"Seattle, WA",WA,21.81828695205228,20.0,32.0,8.022698663859568,0.4876092224098686,54476,0,High Congestion
IDA,"Idaho Falls, ID",ID,21.674911660777386,18.0,38.0,12.904569198465712,0.4028268551236749,1415,0,High Congestion
DCA,"Washington, DC",VA,21.668872436611412,19.0,34.0,11.92868635778166,0.41121229989735525,45789,0,High Congestion
GJT,"Grand Junction, CO",CO,21.525510204081634,17.0,38.0,13.522983333327863,0.36543367346938777,1568,0,High Congestion
FLG,"Flagstaff, AZ",AZ,21.424028268551236,18.0,34.0,12.250788901131413,0.35335689045936397,566,0,High Congestion
HLN,"Helena, MT",MT,21.413612565445025,17.0,36.0,13.070476916381432,0.39092495636998253,573,0,High Congestion
SAN,"San Diego, CA",CA,21.407696840016126,20.0,32.0,8.360287423692158,0.46246162433714766,32247,0,High Congestion
BOS,"Boston, MA",MA,21.398818781789902,19.0,32.0,10.23441478405681,0.40346378578334524,47578,0,High Congestion
PRC,"Prescott, AZ",AZ,21.181451612903224,19.0,34.30000000000001,9.912743745933712,0.3790322580645161,248,0,High Congestion
CLT,"Charlotte, NC",NC,21.167587448873697,19.0,32.0,9.879323692263354,0.40952933276356757,65524,0,High Congestion
PVU,"Provo, UT",UT,21.161417322834644,19.0,33.0,9.416029073152767,0.41141732283464566,1016,0,High Congestion
SFO,"San Francisco, CA",CA,20.80965756536825,19.0,31.0,8.521260967219312,0.41300755917220866,48418,0,High Congestion
RAP,"Rapid City, SD",SD,20.69871043376319,16.0,39.0,13.933716932113084,0.324736225087925,1706,0,High Congestion
IAH,"Houston, TX",TX,20.680768232546068,19.0,30.0,9.681661801354393,0.3803529717103556,38530,0,High Congestion
ACK,"Nantucket, MA",MA,20.653256704980844,16.0,31.0,15.886367087511175,0.2720306513409962,522,0,High Congestion
BTV,"Burlington, VT",VT,20.541880341880344,16.0,37.0,12.6426346237392,0.3188034188034188,2340,0,High Congestion
MIA,"Miami, FL",FL,20.519418786798465,18.0,32.0,10.155278611160027,0.35294117647058826,37026,0,High Congestion
BIS,"Bismarck/Mandan, ND",ND,20.515024458420683,16.0,38.0,13.813174692546752,0.3137665967854647,1431,0,High Congestion
MOT,"Minot, ND",ND,20.433011789924972,16.0,38.0,12.971124386525599,0.3065380493033226,933,0,High Congestion
SAF,"Santa Fe, NM",NM,20.357142857142858,17.0,34.0,12.974079552235148,0.2947454844006568,1218,0,High Congestion
SPS,"Wichita Falls, TX",TX,20.286324786324787,18.0,32.0,13.160582360432796,0.3717948717948718,234,0,High Congestion
MTJ,"Montrose/Delta, CO",CO,20.252336448598133,16.0,35.0,12.523523769633533,0.35781041388518026,749,0,High Congestion
DLH,"Duluth, MN",MN,20.229577464788733,17.0,33.0,10.972306392851824,0.3492957746478873,710,0,High Congestion
RKS,"Rock Springs, WY",WY,20.220408163265308,16.0,37.599999999999994,11.241772576083898,0.3183673469387755,245,0,High Congestion
DEN,"Denver, CO",CO,20.21713753141975,17.0,33.0,10.444561190174108,0.3359441928772488,106223,0,High Congestion
EAR,"Kearney, NE",NE,20.214634146341464,16.0,37.599999999999994,14.902716573247766,0.35121951219512193,205,0,High Congestion
SUN,"Sun Valley/Hailey/Ketchum, ID",ID,20.13447432762836,17.0,34.0,12.115782105960793,0.3753056234718826,818,0,High Congestion
JST,"Johnstown, PA",PA,20.123456790123456,14.0,41.0,15.019312126777141,0.3004115226337449,243,0,High Congestion
CAK,"Akron, OH",OH,20.058362989323843,16.0,36.0,11.41234443838757,0.33380782918149465,1405,0,High Congestion
DFW,"Dallas/Fort Worth, TX",TX,19.830656722200697,17.0,29.0,10.739372040882419,0.31248547074777216,103240,0,High Congestion
FAR,"Fargo, ND",ND,19.82418524871355,15.0,35.0,12.750853403896489,0.30231560891938253,2332,0,High Congestion
TVC,"Traverse City, MI",MI,19.650749583564686,15.0,36.0,12.215366494889912,0.27429205996668515,1801,0,High Congestion
RIW,"Riverton/Lander, WY",WY,19.644628099173552,16.0,30.900000000000006,12.085009749664978,0.32644628099173556,242,0,High Congestion
CMX,"Hancock/Houghton, MI",MI,19.6328125,16.0,34.5,11.534685012315395,0.328125,256,0,High Congestion
SUX,"Sioux City, IA",IA,19.559670781893004,16.0,35.0,11.189924034200034,0.2839506172839506,243,0,High Congestion
MBS,"Saginaw/Bay City/Midland, MI",MI,19.546272493573266,16.0,34.0,10.375624475491147,0.29562982005141386,778,0,High Congestion
MGW,"Morgantown, WV",WV,19.45614035087719,15.0,40.0,12.794988247143175,0.3333333333333333,228,0,High Congestion
SBN,"South Bend, IN",IN,19.452299505891297,16.0,34.0,11.367450088579483,0.2854427974154314,2631,0,High Congestion
MSO,"Missoula, MT",MT,19.45072273324573,15.0,33.90000000000009,13.111838862130588,0.2706964520367937,1522,0,High Congestion
OAJ,"Jacksonville/Camp Lejeune, NC",NC,19.25874125874126,17.0,32.0,8.777943939947622,0.34965034965034963,143,0,High Congestion
DDC,"Dodge City, KS",KS,19.2,16.0,32.0,13.17506557635204,0.28780487804878047,205,0,High Congestion
MCO,"Orlando, FL",FL,19.189295332136446,17.0,28.0,10.53871085859614,0.275172052663076,53472,1,Moderate Congestion
JMS,"Jamestown, ND",ND,19.1889400921659,16.0,30.0,11.638707262482582,0.3087557603686636,217,0,High Congestion
SGU,"St. George, UT",UT,19.178027796161484,16.0,30.0,10.572208679965444,0.29649238914626075,1511,1,Moderate Congestion
ALO,"Waterloo, IA",IA,19.165289256198346,15.0,37.0,10.285383729219847,0.256198347107438,121,1,Moderate Congestion
BTM,"Butte, MT",MT,19.136170212765958,14.0,36.599999999999994,14.361576609340156,0.32340425531914896,235,0,High Congestion
MGM,"Montgomery, AL",AL,19.047954866008464,16.0,30.200000000000045,10.018652768580967,0.29901269393511987,709,1,Moderate Congestion
FWA,"Fort Wayne, IN",IN,18.897137745974955,15.0,33.0,11.034182027313559,0.29293381037567084,2236,1,Moderate Congestion
BIL,"Billings, MT",MT,18.847332924586144,15.0,33.0,12.511074502760865,0.25383200490496627,1631,1,Moderate Congestion
BZN,"Bozeman, MT",MT,18.832002281802623,15.0,33.0,11.6485634208703,0.27181973759269823,3506,1,Moderate Congestion
HHH,"Hilton Head, SC",SC,18.818304172274562,15.0,31.0,11.27196693704016,0.28936742934051146,743,1,Moderate Congestion
SBP,"San Luis Obispo, CA",CA,18.80098414434117,16.0,29.0,9.909148521132487,0.27009294696555497,1829,1,Moderate Congestion
MQT,"Marquette, MI",MI,18.701176470588237,14.0,36.0,12.977397750945196,0.29411764705882354,425,0,High Congestion
EVV,"Evansville, IN",IN,18.68621236133122,15.0,32.0,11.803810929374393,0.2884310618066561,631,1,Moderate Congestion
SYR,"Syracuse, NY",NY,18.685322672758424,14.0,36.0,12.681126748155847,0.2541404911479155,3502,1,Moderate Congestion
GTF,"Great Falls, MT",MT,18.654034229828852,14.0,35.0,13.304874898599024,0.2946210268948655,818,0,High Congestion
TXK,"Texarkana, AR",AR,18.625531914893617,17.0,30.0,8.518217483499662,0.3191489361702128,235,1,Moderate Congestion
ATW,"Appleton, WI",WI,18.581450653983353,15.0,33.0,12.365662144577325,0.24851367419738407,2523,1,Moderate Congestion
ESC,"Escanaba, MI",MI,18.578199052132703,14.0,39.0,11.893467537874534,0.2796208530805687,211,0,High Congestion
RDM,"Bend/Redmond, OR",OR,18.56034051076615,16.0,30.0,9.071525485467879,0.2829243865798698,1997,1,Moderate Congestion
AZO,"Kalamazoo, MI",MI,18.46808510638298,15.0,34.0,10.222403141005493,0.24564796905222436,517,1,Moderate Congestion
HYA,"Hyannis, MA",MA,18.384615384615383,15.0,26.799999999999997,11.558134186457433,0.20279720279720279,143,1,Moderate Congestion
DTW,"Detroit, MI",MI,18.368986432173045,16.0,29.0,9.72910457462382,0.24602343312303607,41053,1,Moderate Congestion
SLN,"Salina, KS",KS,18.327759197324415,16.0,29.0,11.95768259947859,0.2809364548494983,299,1,Moderate Congestion
FCA,"Kalispell, MT",MT,18.273624823695346,15.0,30.0,10.227539502170538,0.25740479548660083,1418,1,Moderate Congestion
GEG,"Spokane, WA",WA,18.271197624546353,16.0,29.0,8.591041702990696,0.27070273837017483,6062,1,Moderate Congestion
ROA,"Roanoke, VA",VA,18.138801261829652,15.0,28.0,9.4928080774778,0.23501577287066247,634,1,Moderate Congestion
LAS,"Las Vegas, NV",NV,18.12619947659203,16.0,27.0,9.015720291939841,0.2404445736809796,61902,1,Moderate Congestion
PSC,"Pasco/Kennewick/Richland, WA",WA,18.115510013972987,16.0,28.0,8.614054531347485,0.2594317652538426,2147,1,Moderate Congestion
HOB,"Hobbs, NM",NM,18.070833333333333,15.0,30.0,9.85412341391282,0.2708333333333333,240,1,Moderate Congestion
SLC,"Salt Lake City, UT",UT,18.063086937504824,16.0,27.0,8.528226462864035,0.24025522937196078,38867,1,Moderate Congestion
MRY,"Monterey, CA",CA,18.037897310513447,16.0,27.0,8.695798499234881,0.2506112469437653,1636,1,Moderate Congestion
LAN,"Lansing, MI",MI,17.917933130699087,13.0,34.0,13.131321751531685,0.19908814589665655,658,1,Moderate Congestion
MSP,"Minneapolis, MN",MN,17.869279829922935,15.0,28.0,9.295532252749123,0.22891310124900346,37630,1,Moderate Congestion
BGR,"Bangor, ME",ME,17.850678733031675,14.0,30.0,12.349331488717064,0.21040723981900453,1326,1,Moderate Congestion
LAF,"Lafayette, IN",IN,17.836734693877553,16.0,26.400000000000006,7.736135282920424,0.2653061224489796,49,1,Moderate Congestion
GRR,"Grand Rapids, MI",MI,17.804649660962223,14.0,32.0,11.256859157982676,0.21585405230868582,6194,1,Moderate Congestion
LEX,"Lexington, KY",KY,17.786880100439422,15.0,28.0,9.323798344521016,0.23634651600753295,3186,1,Moderate Congestion
TTN,"Trenton, NJ",NJ,17.749318801089917,15.0,27.0,8.291963541331198,0.2452316076294278,367,1,Moderate Congestion
RDU,"Raleigh/Durham, NC",NC,17.731464688101127,15.0,28.0,10.794053628634124,0.2197856553998351,18195,1,Moderate Congestion
BUR,"Burbank, CA",CA,17.726235364159557,16.0,28.0,8.637712127170847,0.258086922008335,10078,1,Moderate Congestion
SGF,"Springfield, MO",MO,17.72490221642764,15.0,27.300000000000182,10.963076683367435,0.2001303780964798,3068,1,Moderate Congestion
FNT,"Flint, MI",MI,17.624657534246577,13.0,32.0,12.599974400258919,0.2365296803652968,1095,1,Moderate Congestion
EAU,"Eau Claire, WI",WI,17.60096153846154,14.5,29.0,11.513042343295432,0.2692307692307692,208,1,Moderate Congestion
ILM,"Wilmington, NC",NC,17.594683026584867,15.0,28.0,10.418441153634516,0.21717791411042944,2445,1,Moderate Congestion
JLN,"Joplin, MO",MO,17.540425531914895,15.0,28.599999999999994,11.988663797404971,0.25957446808510637,235,1,Moderate Congestion
MFR,"Medford, OR",OR,17.513671875,15.0,27.0,8.791012322174026,0.2421875,1536,1,Moderate Congestion
AGS,"Augusta, GA",GA,17.48906048906049,15.0,28.0,9.148415234722533,0.22522522522522523,777,1,Moderate Congestion
FSD,"Sioux Falls, SD",SD,17.440684875662456,14.0,30.0,10.3393998418814,0.22380758255197716,2453,1,Moderate Congestion
RST,"Rochester, MN",MN,17.43217665615142,15.0,27.0,8.268399466695216,0.2586750788643533,317,1,Moderate Congestion
ROW,"Roswell, NM",NM,17.42367601246106,15.0,26.0,12.89772025183924,0.19003115264797507,321,1,Moderate Congestion
LAX,"Los Angeles, CA",CA,17.407724580066308,16.0,26.0,7.7994971177038055,0.23552426894611964,63641,1,Moderate Congestion
STS,"Santa Rosa, CA",CA,17.400564174894217,15.0,26.0,8.852929914180493,0.22214386459802538,1418,1,Moderate Congestion
SHV,"Shreveport, LA",LA,17.388216728037875,15.0,27.0,9.64030726892665,0.21199368753287742,1901,1,Moderate Congestion
BFL,"Bakersfield, CA",CA,17.382295719844358,15.0,26.0,8.719515419730534,0.2140077821011673,1028,1,Moderate Congestion
DAY,"Dayton, OH",OH,17.37139470564994,14.0,28.0,10.289694928904192,0.20584749111023312,2531,1,Moderate Congestion
TYS,"Knoxville, TN",TN,17.363882008556633,15.0,27.0,10.092276579059694,0.21594235532537717,4441,1,Moderate Congestion
GFK,"Grand Forks, ND",ND,17.35483870967742,14.0,30.30000000000001,8.802551662066726,0.25,248,1,Moderate Congestion
ATL,"Atlanta, GA",GA,17.342621049579588,15.0,25.0,10.413244189741876,0.1891176186334203,103470,1,Moderate Congestion
ACV,"Arcata/Eureka, CA",CA,17.26021180030257,13.0,31.0,11.152064869976481,0.24508320726172467,661,1,Moderate Congestion
CDC,"Cedar City, UT",UT,17.247619047619047,14.0,30.099999999999994,9.73798457516946,0.2523809523809524,210,1,Moderate Congestion
EWN,"New Bern/Morehead/Beaufort, NC",NC,17.22772277227723,16.0,25.0,6.107178052290293,0.24752475247524752,101,1,Moderate Congestion
MLI,"Moline, IL",IL,17.1445874337623,14.0,28.0,9.512009307224243,0.21650264950794854,1321,1,Moderate Congestion
PIT,"Pittsburgh, PA",PA,17.13287642492482,14.0,31.0,10.729587166355994,0.19525840967899852,14299,1,Moderate Congestion
CAE,"Columbia, SC",SC,17.091929449492252,14.0,27.0,9.901120450145115,0.19722073757349012,1871,1,Moderate Congestion
PIA,"Peoria, IL",IL,17.090561920349156,14.0,27.0,10.497633511684676,0.20130932896890344,1833,1,Moderate Congestion
FMN,"Farmington, NM",NM,17.048387096774192,14.0,28.9,16.00658411594474,0.25806451612903225,62,1,Moderate Congestion
BOI,"Boise, ID",ID,17.021943176052766,14.0,27.0,9.10440383569501,0.21397767630644343,7884,1,Moderate Congestion
FLL,"Fort Lauderdale, FL",FL,16.991093089346364,15.0,24.0,8.496703671171941,0.17754903999445484,28854,1,Moderate Congestion
APN,"Alpena, MI",MI,16.98,15.0,30.099999999999994,9.360968897153079,0.275,200,1,Moderate Congestion
PIR,"Pierre, SD",SD,16.97142857142857,13.0,31.0,12.790362572702968,0.2,70,1,Moderate Congestion
CHA,"Chattanooga, TN",TN,16.96199782844734,14.0,27.90000000000009,9.239446755260133,0.21552660152008687,1842,1,Moderate Congestion
XNA,"Fayetteville, AR",AR,16.91062514856192,14.0,25.0,9.864734171763942,0.17399572141668648,4207,1,Moderate Congestion
RNO,"Reno, NV",NV,16.89146728163736,14.0,28.0,9.616918406044832,0.23032574228884406,6938,1,Moderate Congestion
LAW,"Lawton/Fort Sill, OK",OK,16.847025495750707,14.0,29.0,9.803718476003612,0.24645892351274787,353,1,Moderate Congestion
ORF,"Norfolk, VA",VA,16.840762373193975,14.0,27.0,10.691617682704422,0.17952659083922534,6506,1,Moderate Congestion
HSV,"Huntsville, AL",AL,16.824990730441233,14.0,26.0,9.362890708149273,0.19021134593993325,2697,1,Moderate Congestion
MVY,"Martha's Vineyard, MA",MA,16.820728291316527,13.0,29.0,10.799048882724474,0.16526610644257703,357,1,Moderate Congestion
CHO,"Charlottesville, VA",VA,16.808888888888887,14.0,28.0,8.79683639788958,0.18444444444444444,450,1,Moderate Congestion
SCE,"State College, PA",PA,16.76984126984127,14.0,30.5,10.593705828207767,0.18253968253968253,126,1,Moderate Congestion
PSP,"Palm Springs, CA",CA,16.763051435176266,14.0,26.0,8.508598770515826,0.20265844731265653,5191,1,Moderate Congestion
RIC,"Richmond, VA",VA,16.733044982698964,14.0,26.0,9.667254186006055,0.1759515570934256,5780,1,Moderate Congestion
GSO,"Greensboro/High Point, NC",NC,16.710441649605148,14.0,27.0,10.508673689530099,0.17636735887686458,3419,1,Moderate Congestion
GRB,"Green Bay, WI",WI,16.70863309352518,14.0,29.0,9.395133630087326,0.23525179856115108,1390,1,Moderate Congestion
RDD,"Redding, CA",CA,16.645962732919255,15.0,27.0,8.206926993650315,0.2484472049689441,483,1,Moderate Congestion
FAT,"Fresno, CA",CA,16.635447008738517,14.0,26.0,8.95581404302757,0.19560833520053775,4463,1,Moderate Congestion
CLE,"Cleveland, OH",OH,16.61308026526412,14.0,28.0,9.747201018198322,0.19993901974235842,13119,1,Moderate Congestion
TPA,"Tampa, FL",FL,16.60415238095238,14.0,25.0,9.69111063469693,0.16777142857142857,26250,1,Moderate Congestion
YUM,"Yuma, AZ",AZ,16.604014598540147,16.0,25.0,6.834030233201025,0.2116788321167883,548,1,Moderate Congestion
COU,"Columbia, MO",MO,16.576142131979694,13.0,27.0,10.11512080801377,0.18527918781725888,788,1,Moderate Congestion
GGG,"Longview, TX",TX,16.548523206751057,14.0,26.0,12.479592151487468,0.20253164556962025,237,1,Moderate Congestion
BMI,"Bloomington/Normal, IL",IL,16.54774774774775,13.0,27.0,11.293866317534837,0.16576576576576577,555,1,Moderate Congestion
PAE,"Everett, WA",WA,16.543424317617866,15.0,25.0,6.865442714622664,0.1687344913151365,403,1,Moderate Congestion
WYS,"West Yellowstone, MT",MT,16.517241379310345,14.0,25.80000000000001,10.951119799347609,0.1724137931034483,87,1,Moderate Congestion
CMH,"Columbus, OH",OH,16.50739914859112,14.0,27.0,9.637240172784994,0.19075613217109263,14799,1,Moderate Congestion
SWO,"Stillwater, OK",OK,16.50212765957447,14.0,26.599999999999994,12.183207747111364,0.2127659574468085,235,1,Moderate Congestion
MLB,"Melbourne, FL",FL,16.494769874476987,14.0,24.0,8.8719201631632,0.17573221757322174,956,1,Moderate Congestion
SDF,"Louisville, KY",KY,16.424533195020746,14.0,25.0,10.42018331155151,0.17310684647302904,7712,1,Moderate Congestion
GRK,"Killeen, TX",TX,16.406779661016948,14.0,23.100000000000023,10.456667224409049,0.15084745762711865,590,1,Moderate Congestion
LFT,"Lafayette, LA",LA,16.378960709759188,14.0,24.0,7.774722378037747,0.1444866920152091,789,1,Moderate Congestion
SFB,"Sanford, FL",FL,16.36111111111111,15.0,23.0,7.335423262611769,0.15416666666666667,3600,1,Moderate Congestion
ELM,"Elmira/Corning, NY",NY,16.320093457943926,14.0,28.0,8.123050614104367,0.1822429906542056,428,1,Moderate Congestion
ORH,"Worcester, MA",MA,16.294294294294293,12.0,28.80000000000001,12.598904996304285,0.1831831831831832,333,1,Moderate Congestion
LCH,"Lake Charles, LA",LA,16.267175572519083,14.0,24.80000000000001,8.320577296262275,0.17302798982188294,393,1,Moderate Congestion
PWM,"Portland, ME",ME,16.240455991516438,13.0,27.0,10.870746929270192,0.16914103923647933,3772,1,Moderate Congestion
CHS,"Charleston, SC",SC,16.225758879193805,14.0,24.0,8.061177410052903,0.17856703944942853,8137,1,Moderate Congestion
HNL,"Honolulu, HI",HI,16.21271182128136,16.0,22.0,5.001449482454993,0.14823673095516768,19651,1,Moderate Congestion
BNA,"Nashville, TN",TN,16.177793716826855,14.0,23.0,7.814240326318018,0.15509969875197246,34855,1,Moderate Congestion
LBL,"Liberal, KS",KS,16.166666666666668,12.0,30.0,11.520881306372955,0.21568627450980393,204,1,Moderate Congestion
ICT,"Wichita, KS",KS,16.16126396077363,13.0,27.0,10.203495310387853,0.1925905747752656,3671,1,Moderate Congestion
GSP,"Greer, SC",SC,16.152407566638004,14.0,25.0,8.896704617437646,0.18250214961306965,4652,1,Moderate Congestion
SJT,"San Angelo, TX",TX,16.140401146131804,15.0,23.0,8.107418261882275,0.19197707736389685,349,1,Moderate Congestion
SNA,"Santa Ana, CA",CA,16.118588012958963,14.0,26.0,8.257624713170197,0.22414956803455724,14816,1,Moderate Congestion
PBI,"West Palm Beach/Palm Beach, FL",FL,16.105555555555554,14.0,24.0,8.41011307142084,0.16170634920634921,10080,1,Moderate Congestion
MSN,"Madison, WI",WI,16.097144194756556,13.0,26.0,8.669194029052727,0.16900749063670412,4272,1,Moderate Congestion
SAV,"Savannah, GA",GA,16.091979281117563,14.0,23.0,7.526928112049839,0.15711819180662376,6371,1,Moderate Congestion
VPS,"Valparaiso, FL",FL,16.090581717451524,15.0,23.0,6.894273001243948,0.16177285318559556,3610,1,Moderate Congestion
FAI,"Fairbanks, AK",AK,16.04983388704319,13.0,26.0,8.88145863790435,0.18106312292358803,1204,1,Moderate Congestion
SBA,"Santa Barbara, CA",CA,16.00950292397661,14.0,24.0,8.414746195643868,0.1703216374269006,2736,1,Moderate Congestion
DEC,"Decatur, IL",IL,15.990291262135923,13.0,31.0,10.994451057742447,0.19902912621359223,206,1,Moderate Congestion
CVG,"Cincinnati, OH",KY,15.987635379061372,13.0,26.0,8.990689822214902,0.17075812274368232,11080,1,Moderate Congestion
BWI,"Baltimore, MD",MD,15.982707850385314,14.0,24.0,9.828587041553899,0.15039784474656975,31922,1,Moderate Congestion
OTH,"North Bend/Coos Bay, OR",OR,15.981818181818182,13.0,26.19999999999999,12.396140591010829,0.21818181818181817,165,1,Moderate Congestion
OKC,"Oklahoma City, OK",OK,15.969397951536347,14.0,25.0,9.80319456465444,0.16749937546839871,8006,1,Moderate Congestion
BPT,"Beaumont/Port Arthur, TX",TX,15.961206896551724,14.0,22.900000000000006,6.33981811846289,0.14655172413793102,232,1,Moderate Congestion
LWS,"Lewiston, ID",ID,15.942238267148014,14.0,28.0,7.790061443329517,0.21299638989169675,277,1,Moderate Congestion
PSM,"Portsmouth, NH",NH,15.93969849246231,13.0,24.200000000000017,9.535493605077425,0.135678391959799,199,1,Moderate Congestion
HPN,"White Plains, NY",NY,15.931666666666667,13.0,25.0,11.335265500051362,0.16166666666666665,3600,1,Moderate Congestion
PHX,"Phoenix, AZ",AZ,15.92206632460004,14.0,24.0,7.004242955423563,0.18467057167506698,66069,1,Moderate Congestion
CID,"Cedar Rapids/Iowa City, IA",IA,15.910208643815201,13.0,27.0,10.121869399244176,0.1754843517138599,2684,1,Moderate Congestion
PDX,"Portland, OR",OR,15.901640955094821,14.0,25.0,7.326844845630162,0.18379679669843765,20354,1,Moderate Congestion
HYS,"Hays, KS",KS,15.900497512437811,13.0,30.0,11.394737809675297,0.26865671641791045,201,1,Moderate Congestion
MLU,"Monroe, LA",LA,15.854700854700855,14.0,21.0,8.801556638879243,0.11396011396011396,351,1,Moderate Congestion
ANC,"Anchorage, AK",AK,15.847631666114607,14.0,23.0,6.461283903818355,0.16098045710500167,6038,1,Moderate Congestion
AVL,"Asheville, NC",NC,15.844327176781002,13.0,25.0,9.535030916773847,0.15889768396364704,3411,1,Moderate Congestion
MOB,"Mobile, AL",AL,15.838815789473685,14.0,23.300000000000068,8.222623585467357,0.16776315789473684,608,1,Moderate Congestion
AEX,"Alexandria, LA",LA,15.835734870317003,14.0,23.0,8.592515375861502,0.14985590778097982,347,1,Moderate Congestion
TYR,"Tyler, TX",TX,15.827195467422097,13.0,25.80000000000001,10.028433854703401,0.17280453257790368,353,1,Moderate Congestion
GTR,"Columbus, MS",MS,15.825396825396826,14.0,28.0,6.994328768411942,0.15873015873015872,63,1,Moderate Congestion
LIT,"Little Rock, AR",AR,15.814988290398126,13.0,26.0,8.75597498034935,0.17353629976580795,4270,1,Moderate Congestion
MCI,"Kansas City, MO",MO,15.75323763955343,14.0,23.0,7.628519131937953,0.14845295055821373,15675,1,Moderate Congestion
AMA,"Amarillo, TX",TX,15.752475247524753,12.0,27.0,10.632004121682419,0.17064647641234712,1717,1,Moderate Congestion
PLN,"Pellston, MI",MI,15.739926739926739,13.0,27.600000000000023,9.32393638440844,0.21245421245421245,273,1,Moderate Congestion
IND,"Indianapolis, IN",IN,15.706811954374562,13.0,24.0,8.78308733347494,0.14662588415216976,15693,1,Moderate Congestion
SJU,"San Juan, PR",PR,15.697059571222777,14.0,22.0,6.859917897215363,0.13871705787645114,11801,1,Moderate Congestion
TUL,"Tulsa, OK",OK,15.673301529856884,13.0,24.0,9.457610323454947,0.15709820694193125,6079,1,Moderate Congestion
EUG,"Eugene, OR",OR,15.672546857772877,14.0,24.0,7.381745151999752,0.15692760014700477,2721,1,Moderate Congestion
DSM,"Des Moines, IA",IA,15.600582483877679,13.0,25.400000000000546,8.466318649264224,0.16871229457041814,4807,1,Moderate Congestion
AUS,"Austin, TX",TX,15.570288648348598,14.0,22.0,7.174573355572317,0.14210380238689982,28824,1,Moderate Congestion
LBB,"Lubbock, TX",TX,15.566388115134632,13.0,25.0,10.089865749838355,0.1648096564531105,2154,1,Moderate Congestion
AVP,"Scranton/Wilkes-Barre, PA",PA,15.549356223175966,13.0,23.0,7.983499758994452,0.13733905579399142,466,1,Moderate Congestion
TUS,"Tucson, AZ",AZ,15.548233897298902,14.0,23.0,7.336914459570396,0.1481151677055506,6738,1,Moderate Congestion
ROC,"Rochester, NY",NY,15.534300392867936,12.0,26.0,10.013342925786455,0.1686310063463282,3309,1,Moderate Congestion
MAF,"Midland/Odessa, TX",TX,15.518440145102781,13.0,24.0,9.162146444604362,0.15386940749697703,3308,1,Moderate Congestion
TLH,"Tallahassee, FL",FL,15.50597329585383,14.0,22.0,7.300159874700835,0.13492621222768797,1423,1,Moderate Congestion
ABY,"Albany, GA",GA,15.428115015974441,14.0,26.0,7.799291673101701,0.20447284345047922,313,1,Moderate Congestion
BLI,"Bellingham, WA",WA,15.400247831474598,13.0,26.399999999999977,8.049453224224283,0.1771995043370508,807,1,Moderate Congestion
ALB,"Albany, NY",NY,15.365777457341984,12.0,26.0,10.198360618514645,0.16029800528719057,4161,1,Moderate Congestion
DAB,"Daytona Beach, FL",FL,15.321931589537224,14.0,21.0,5.17595551563641,0.11971830985915492,994,2,Efficient
BTR,"Baton Rouge, LA",LA,15.293342579750346,13.0,23.0,7.789604813896074,0.13800277392510402,1442,1,Moderate Congestion
BHM,"Birmingham, AL",AL,15.187233285917497,13.0,22.0,7.963725372725211,0.13566856330014224,5624,1,Moderate Congestion
ABQ,"Albuquerque, NM",NM,15.18498189886722,13.0,23.0,7.474920996241085,0.1423566507065281,8563,1,Moderate Congestion
BUF,"Buffalo, NY",NY,15.173011906511833,12.0,26.0,8.909187407204683,0.15654858150815817,6803,1,Moderate Congestion
MEM,"Memphis, TN",TN,15.109748307141945,13.0,23.0,8.58889212905955,0.1285294493420212,7827,1,Moderate Congestion
BDL,"Hartford, CT",CT,15.080752646021168,13.0,23.0,9.31631857556719,0.1311903828563962,7653,1,Moderate Congestion
GRI,"Grand Island, NE",NE,15.037383177570094,13.0,26.0,7.956827139685834,0.19003115264797507,321,1,Moderate Congestion
IAG,"Niagara Falls, NY",NY,15.024539877300613,12.0,24.80000000000001,9.874490716822304,0.12269938650306748,163,1,Moderate Congestion
GUM,"Guam, TT",TT,15.012244897959183,15.0,19.0,4.243105915320952,0.06938775510204082,245,2,Efficient
EKO,"Elko, NV",NV,15.0,12.0,25.0,7.427783957701854,0.22784810126582278,158,1,Moderate Congestion
VCT,"Victoria, TX",TX,14.995169082125605,12.0,28.400000000000006,12.886169896722405,0.18840579710144928,207,1,Moderate Congestion
FAY,"Fayetteville, NC",NC,14.991452991452991,13.0,23.400000000000006,8.047805147877412,0.13675213675213677,117,1,Moderate Congestion
RSW,"Fort Myers, FL",FL,14.982915427114323,13.0,22.0,8.148254215037577,0.12341691457713558,11765,1,Moderate Congestion
MKE,"Milwaukee, WI",WI,14.981733679204496,13.0,24.0,8.257581121813454,0.15218331171638563,9252,1,Moderate Congestion
SMX,"Santa Maria, CA",CA,14.954545454545455,13.0,22.5,7.784465434305821,0.16666666666666666,66,1,Moderate Congestion
STT,"Charlotte Amalie, VI",VI,14.948315911730546,14.0,22.0,5.948862073919442,0.11962833914053426,1722,2,Efficient
HIB,"Hibbing, MN",MN,14.946859903381643,13.0,27.0,7.395359164997114,0.1932367149758454,207,1,Moderate Congestion
MDT,"Harrisburg, PA",PA,14.924460431654676,13.0,21.0,8.597319723457284,0.10671462829736211,1668,1,Moderate Congestion
PQI,"Presque Isle/Houlton, ME",ME,14.89344262295082,9.0,31.0,11.145771445182735,0.28688524590163933,122,1,Moderate Congestion
PBG,"Plattsburgh, NY",NY,14.863874345549739,12.0,22.0,9.911837880716247,0.11518324607329843,191,1,Moderate Congestion
JAX,"Jacksonville, FL",FL,14.80657287079798,13.0,20.0,6.651204535767741,0.09827086242079261,9311,2,Efficient
GCK,"Garden City, KS",KS,14.747899159663865,12.0,24.600000000000023,11.072997899741452,0.15126050420168066,238,1,Moderate Congestion
MDW,"Chicago, IL",IL,14.73845784866291,13.0,23.0,8.119942842546479,0.13290962145740895,25017,1,Moderate Congestion
MCW,"Mason City, IA",IA,14.719806763285025,13.0,24.400000000000006,8.771575007820323,0.1642512077294686,207,1,Moderate Congestion
JAN,"Jackson/Vicksburg, MS",MS,14.718137254901961,13.0,22.0,7.691352599956369,0.12254901960784313,2040,1,Moderate Congestion
MHK,"Manhattan/Ft. Riley, KS",KS,14.715667311411993,12.0,22.0,7.90338989858806,0.12572533849129594,517,1,Moderate Congestion
SRQ,"Sarasota/Bradenton, FL",FL,14.689715383272219,13.0,22.0,7.298409917734951,0.12345032303125546,5727,1,Moderate Congestion
OMA,"Omaha, NE",NE,14.67756838905775,12.0,24.0,8.186369633912667,0.14066869300911855,8225,1,Moderate Congestion
MHT,"Manchester, NH",NH,14.618106139438085,12.0,22.0,8.917216877966874,0.12018730489073881,1922,1,Moderate Congestion
CWA,"Mosinee, WI",WI,14.604166666666666,12.0,22.0,10.641238923633217,0.12083333333333333,240,1,Moderate Congestion
ACT,"Waco, TX",TX,14.588068181818182,12.0,23.0,8.483815643999922,0.13636363636363635,352,1,Moderate Congestion
ATY,"Watertown, SD",SD,14.580645161290322,13.0,26.9,8.55560095923511,0.20967741935483872,62,1,Moderate Congestion
BRD,"Brainerd, MN",MN,14.576190476190476,12.0,24.099999999999994,8.71375773904904,0.20476190476190476,210,1,Moderate Congestion
FOD,"Fort Dodge, IA",IA,14.564593301435407,12.0,23.0,9.115545151856352,0.14354066985645933,209,1,Moderate Congestion
CRP,"Corpus Christi, TX",TX,14.549770290964778,12.0,22.0,8.522014086184344,0.11868300153139356,1306,1,Moderate Congestion
ELP,"El Paso, TX",TX,14.495777621393385,13.0,21.0,6.371275758313762,0.10890218156228008,5684,2,Efficient
SJC,"San Jose, CA",CA,14.46184321621095,13.0,22.0,6.5309425630497815,0.12385529648632851,15397,2,Efficient
FSM,"Fort Smith, AR",AR,14.444141689373296,12.0,23.0,10.281370082711911,0.1335149863760218,367,1,Moderate Congestion
EYW,"Key West, FL",FL,14.441604404246952,13.0,20.0,6.15608282314535,0.086905230043256,2543,2,Efficient
LRD,"Laredo, TX",TX,14.435897435897436,13.0,19.0,6.734424718625377,0.07692307692307693,585,2,Efficient
PVD,"Providence, RI",RI,14.406567164179105,12.0,22.0,8.504195097262615,0.11522388059701492,5025,1,Moderate Congestion
ONT,"Ontario, CA",CA,14.37918045885173,13.0,22.0,7.266882111995868,0.12509987444355666,8761,1,Moderate Congestion
BJI,"Bemidji, MN",MN,14.359183673469389,12.0,25.0,8.858725400661342,0.18775510204081633,245,1,Moderate Congestion
BIH,"Bishop, CA",CA,14.347368421052632,13.0,20.60000000000001,7.21665983480811,0.10526315789473684,95,2,Efficient
ABE,"Allentown/Bethlehem/Easton, PA",PA,14.290946083418108,12.0,21.800000000000068,8.303361612832767,0.11597151576805696,983,1,Moderate Congestion
GPT,"Gulfport/Biloxi, MS",MS,14.289935364727608,13.0,21.0,6.807286536926329,0.10433979686057249,1083,2,Efficient
MFE,"Mission/McAllen/Edinburg, TX",TX,14.277980535279806,12.0,21.0,8.010186868438337,0.10218978102189781,1644,2,Efficient
MEI,"Meridian, MS",MS,14.217391304347826,13.0,23.0,7.208819231682096,0.13526570048309178,207,1,Moderate Congestion
CLL,"College Station/Bryan, TX",TX,14.1796875,13.0,20.0,6.298203474318406,0.09375,384,2,Efficient
IMT,"Iron Mountain/Kingsfd, MI",MI,14.12704918032787,13.0,23.0,9.284054535766458,0.14344262295081966,244,1,Moderate Congestion
BGM,"Binghamton, NY",NY,14.096774193548388,13.5,18.9,3.4532459304793637,0.03225806451612903,62,2,Efficient
SWF,"Newburgh/Poughkeepsie, NY",NY,14.089108910891088,12.0,19.0,8.033015220349574,0.07425742574257425,202,2,Efficient
AZA,"Phoenix, AZ",AZ,14.052726453357367,13.0,19.0,3.9915844184926956,0.05633168093735917,2219,2,Efficient
MYR,"Myrtle Beach, SC",SC,14.008978910002089,12.0,21.0,7.904645455682886,0.10064731676759239,4789,2,Efficient
CLD,"Carlsbad, CA",CA,14.0,13.0,20.0,7.291422026246675,0.08743169398907104,183,2,Efficient
PIE,"St. Petersburg, FL",FL,13.995928593798935,13.0,19.0,7.135612333103114,0.07704353272784216,3193,2,Efficient
PNS,"Pensacola, FL",FL,13.975882481911862,13.0,19.0,5.655872337842854,0.07695680771760578,4561,2,Efficient
SMF,"Sacramento, CA",CA,13.960874271869685,12.0,20.0,6.76558471900069,0.09495334811072735,19399,2,Efficient
JNU,"Juneau, AK",AK,13.81609947643979,12.0,22.0,6.75666126736512,0.12041884816753927,1528,2,Efficient
GST,"Gustavus, AK",AK,13.766666666666667,12.0,22.300000000000004,6.641994576482503,0.2,30,2,Efficient
ABR,"Aberdeen, SD",SD,13.73076923076923,11.0,25.099999999999994,11.413795393063838,0.16538461538461538,260,1,Moderate Congestion
CMI,"Champaign/Urbana, IL",IL,13.438305709023942,11.0,22.0,8.317908839136495,0.11970534069981584,543,2,Efficient
PPG,"Pago Pago, TT",TT,13.408163265306122,13.0,16.200000000000003,3.570237896759232,0.02040816326530612,49,2,Efficient
GNV,"Gainesville, FL",FL,13.377777777777778,12.0,20.0,5.827474678593656,0.09888888888888889,900,2,Efficient
SAT,"San Antonio, TX",TX,13.255829156679015,12.0,19.0,6.619277260228846,0.07205636667393041,13767,2,Efficient
DAL,"Dallas, TX",TX,13.167292360906062,11.0,19.0,7.484189918096543,0.07520985362972961,23707,2,Efficient
MSY,"New Orleans, LA",LA,13.150999172283315,12.0,18.0,6.161604716196009,0.06669031571479248,16914,2,Efficient
LCK,"Columbus, OH",OH,13.113065326633166,12.0,18.0,4.97801515793175,0.05527638190954774,398,2,Efficient
SIT,"Sitka, AK",AK,13.09501187648456,12.0,20.0,5.326528290623362,0.0855106888361045,421,2,Efficient
STX,"Christiansted, VI",VI,13.010683760683762,12.0,18.0,3.735054896184089,0.038461538461538464,468,2,Efficient
USA,"Concord, NC",NC,12.941964285714286,12.0,17.0,4.219453950450741,0.026785714285714284,224,2,Efficient
PGD,"Punta Gorda, FL",FL,12.900717251793129,12.0,18.0,5.078421585449074,0.045300113250283124,2649,2,Efficient
INL,"International Falls, MN",MN,12.868181818181819,10.0,26.099999999999994,8.918498878729322,0.14545454545454545,220,1,Moderate Congestion
ECP,"Panama City, FL",FL,12.82613065326633,12.0,18.0,5.382636473437157,0.05695142378559464,2985,2,Efficient
HOU,"Houston, TX",TX,12.645052494152205,11.0,18.0,5.981179307113068,0.058477941576456506,18383,2,Efficient
BRO,"Brownsville, TX",TX,12.632411067193676,11.0,18.0,6.158890934379357,0.05928853754940711,506,2,Efficient
LBE,"Latrobe, PA",PA,12.594771241830065,10.0,17.80000000000001,7.83164793145896,0.0718954248366013,153,2,Efficient
STL,"St. Louis, MO",MO,12.532207718501702,11.0,17.0,6.626336967321278,0.05940219447597427,21144,2,Efficient
KOA,"Kona, HI",HI,12.529512893982808,11.0,18.0,4.804552003835742,0.05577841451766953,5235,2,Efficient
RHI,"Rhinelander, WI",WI,12.434782608695652,11.0,24.0,9.52275238342036,0.1505016722408027,299,1,Moderate Congestion
PSE,"Ponce, PR",PR,12.423963133640553,12.0,16.0,2.3323364851830575,0.004608294930875576,217,2,Efficient
BQN,"Aguadilla, PR",PR,12.359893758300133,12.0,16.0,3.3678448171051376,0.03054448871181939,753,2,Efficient
TRI,"Bristol/Johnson City/Kingsport, TN",TN,12.334164588528678,11.0,20.0,7.562939564933919,0.0773067331670823,401,2,Efficient
OAK,"Oakland, CA",CA,12.311025311025311,11.0,17.0,4.690722481920766,0.046417846417846416,11655,2,Efficient
ISP,"Islip, NY",NY,12.291146424517594,11.0,17.0,7.355561346907642,0.056753688989784334,1762,2,Efficient
PIB,"Hattiesburg/Laurel, MS",MS,12.28640776699029,11.0,18.5,5.833503712992759,0.07766990291262135,206,2,Efficient
LSE,"La Crosse, WI",WI,12.27946127946128,10.0,20.400000000000034,7.386941709321107,0.10101010101010101,297,2,Efficient
LGB,"Long Beach, CA",CA,12.259298998569385,11.0,17.0,5.428450665932065,0.05668812589413448,5592,2,Efficient
PIH,"Pocatello, ID",ID,12.25,12.0,20.0,6.371414268912065,0.0851063829787234,188,2,Efficient
YAK,"Yakutat, AK",AK,12.166666666666666,12.0,20.0,7.423573402350503,0.0811965811965812,234,2,Efficient
HRL,"Harlingen/San Benito, TX",TX,12.141456582633053,10.0,18.0,6.976154488240915,0.0742296918767507,1428,2,Efficient
BET,"Bethel, AK",AK,12.129310344827585,10.0,21.80000000000001,7.412438560268992,0.10344827586206896,232,2,Efficient
GUF,"Gulf Shores, AL",AL,11.979591836734693,11.0,15.299999999999997,3.8395113301520114,0.05102040816326531,98,2,Efficient
BLV,"Belleville, IL",IL,11.966507177033494,11.0,15.0,4.413172755074904,0.03110047846889952,418,2,Efficient
ABI,"Abilene, TX",TX,11.954939341421143,10.0,19.399999999999977,7.396135958934927,0.08145580589254767,577,2,Efficient
TOL,"Toledo, OH",OH,11.842857142857143,10.0,15.0,7.2680155016319965,0.05714285714285714,140,2,Efficient
STC,"St. Cloud, MN",MN,11.8125,9.0,23.400000000000006,14.213647588771073,0.125,64,1,Moderate Congestion
RFD,"Rockford, IL",IL,11.587096774193549,11.0,15.100000000000023,3.6758410028159667,0.03870967741935484,310,2,Efficient
SPI,"Springfield, IL",IL,11.553846153846154,10.0,19.0,7.43153791280144,0.06666666666666667,195,2,Efficient
TWF,"Twin Falls, ID",ID,11.524590163934427,10.0,20.700000000000017,6.953949778853484,0.10245901639344263,244,2,Efficient
ACY,"Atlantic City, NJ",NJ,11.491694352159469,10.0,14.0,4.767741718565079,0.035437430786267994,903,2,Efficient
SCC,"Deadhorse, AK",AK,11.391304347826088,10.0,17.700000000000017,4.82583331061475,0.06521739130434782,184,2,Efficient
KTN,"Ketchikan, AK",AK,11.232858990944372,10.0,17.0,5.709741401096589,0.056921086675291076,773,2,Efficient
SCK,"Stockton, CA",CA,11.027173913043478,9.0,18.0,5.606818707012456,0.059782608695652176,184,2,Efficient
CDV,"Cordova, AK",AK,10.991525423728813,11.0,17.0,4.7989285377039295,0.03389830508474576,236,2,Efficient
HGR,"Hagerstown, MD",MD,10.917431192660551,10.0,17.0,5.027937579474519,0.027522935779816515,109,2,Efficient
OGG,"Kahului, HI",HI,10.902143193593972,10.0,15.0,4.7273523461025855,0.030617051342439944,8492,2,Efficient
BRW,"Barrow, AK",AK,10.782608695652174,10.0,17.0,5.783798619276501,0.06956521739130435,115,2,Efficient
ADK,"Adak Island, AK",AK,10.6,11.0,17.6,5.163218330596893,0.02857142857142857,35,2,Efficient
DLG,"Dillingham, AK",AK,10.588235294117647,11.0,12.7,3.465130607174452,0.029411764705882353,34,2,Efficient
LIH,"Lihue, HI",HI,10.515531545437005,10.0,15.0,4.218567779302194,0.021223229789697085,5183,2,Efficient
SPN,"Saipan, TT",TT,10.352459016393443,10.0,13.0,2.052702838841378,0.0,122,2,Efficient
OTZ,"Kotzebue, AK",AK,10.307017543859649,9.0,16.0,7.558769381722209,0.043859649122807015,114,2,Efficient
HTS,"Ashland, WV",WV,10.30232558139535,9.0,16.0,5.716641895382593,0.03488372093023256,172,2,Efficient
OME,"Nome, AK",AK,10.275,10.0,16.10000000000001,5.359296485876613,0.03333333333333333,120,2,Efficient
PSG,"Petersburg, AK",AK,10.215189873417721,9.0,15.0,5.0973677639125645,0.0379746835443038,237,2,Efficient
AKN,"King Salmon, AK",AK,10.166666666666666,11.0,15.899999999999999,4.46622373729135,0.047619047619047616,42,2,Efficient
ITO,"Hilo, HI",HI,10.062974542206343,10.0,13.0,2.569335270222293,0.006699419383653417,2239,2,Efficient
CKB,"Clarksburg/Fairmont, WV",WV,9.371428571428572,8.0,15.0,5.793978454861885,0.04285714285714286,70,2,Efficient
ADQ,"Kodiak, AK",AK,8.718045112781954,8.0,14.5,5.3354822891969675,0.03007518796992481,266,2,Efficient
WRG,"Wrangell, AK",AK,7.227848101265823,6.0,11.0,4.831787490123126,0.03375527426160337,237,2,Efficient
