commission_id,transaction_id,paid_date
1,3,2026-04-15
2,4,2026-04-15
3,5,2026-04-15
4,6,2026-04-15
5,7,2026-04-15
6,8,2026-04-15
7,9,
8,10,2026-04-15
9,11,2026-04-15
10,12,2026-04-15
11,13,2026-04-15
12,14,
13,15,2026-04-15
14,16,
15,17,2026-04-15
16,18,2026-04-15
17,19,2026-04-15
18,20,2026-04-15
19,21,
20,22,
21,23,
22,24,2026-04-15
23,25,
24,26,
25,27,2026-04-15
26,28,2026-04-15
27,29,
28,30,2026-04-15
29,31,2026-04-15
30,32,2026-04-15
31,33,
32,34,2026-04-15
33,35,2026-04-15
34,36,2026-04-15
35,37,2026-04-15
36,38,
37,39,
38,40,
39,41,2026-04-15
40,42,
41,43,
42,44,2026-04-15
43,45,
44,46,2026-04-15
45,47,
46,48,2026-04-15
47,49,2026-04-15
48,50,2026-04-15
49,51,2026-04-15
50,52,
51,53,
52,54,
53,55,
54,56,2026-04-15
55,57,2026-04-15
56,58,2026-04-15
57,59,
58,60,2026-04-15
59,61,2026-04-15
60,62,2026-04-15
61,63,2026-04-15
62,64,
63,65,2026-04-15
64,66,2026-04-15
65,67,2026-04-15
66,68,
67,69,2026-04-15
68,70,2026-04-15
69,71,2026-04-15
70,72,2026-04-15
71,73,
72,74,2026-04-15
73,75,2026-04-15
74,76,2026-04-15
75,77,2026-04-15
76,78,2026-04-15
77,79,
78,80,
79,81,2026-04-15
80,82,
